SNP,beta,se,xg_CSI,xg_DPW,xgse_CSI,xgse_DPW,Outcome
rs9435340,-0.022756987,0.040981428,0.00834773,0.00221,0.00146424,0.00338,HPV-
rs10918701,0.03246719,0.040212026,0.00802389,-0.00549,0.00143191,0.0031,HPV-
rs10753661,-0.030149977,0.042357371,-0.00504633,0.00683,0.00149286,0.00325,HPV-
rs28680958,0.016857117,0.047165968,0.00640463,-0.0136,0.0016767,0.00374,HPV-
rs823114,0.011928571,0.039058844,0.00367894,-0.0101,0.00139011,0.00302,HPV-
rs4949465,0.021761492,0.055443291,0.0116055,0.00255,0.00205788,0.00462,HPV-
rs58107686,0.050693114,0.041619962,0.00506485,-0.0127,0.00147313,0.00356,HPV-
rs549845,0.076034686,0.042218038,0.0112613,-4.32E-04,0.00150857,0.00336,HPV-
rs705687,-0.006823225,0.048807048,3.52E-04,0.0045,0.00166415,0.00368,HPV-
rs1933270,-0.031181117,0.040866471,0.00921831,5.27E-04,0.00143808,0.00321,HPV-
rs7528604,-0.005917474,0.039240542,-0.00965269,0.0033,0.00140141,0.00302,HPV-
rs12088813,0.012916225,0.046494691,0.00989608,-0.00414,0.00155615,0.00345,HPV-
rs11210229,0.069526063,0.039525903,0.011702,-0.00484,0.00142273,0.00313,HPV-
rs7553348,0.011928571,0.039472438,0.00963399,-0.00718,0.00139643,0.00303,HPV-
rs1193237,0.004987542,0.038693107,-0.00776138,0.00195,0.00139716,0.00299,HPV-
rs10922907,0.064850972,0.039232288,0.0101748,-0.00588,0.00139495,0.00304,HPV-
rs1931263,-0.047825629,0.03916923,0.00760874,0.0016,0.0013858,0.00293,HPV-
rs7519626,-0.086211697,0.041289127,0.00842015,0.00259,0.00147893,0.00317,HPV-
rs7077678,0.037295785,0.039944077,-0.00855025,0.00118,0.00143575,0.00317,HPV-
rs12244388,-0.024190239,0.040223211,0.0132503,-0.00737,0.00146413,0.0031,HPV-
rs3896224,0.013902905,0.039847822,-0.00962696,9.98E-04,0.00141792,0.00342,HPV-
rs7074871,-0.007024615,0.044375331,0.0035586,-0.0104,0.00158296,0.00347,HPV-
rs17665139,-0.094420576,0.057962293,0.00240118,-0.0124,0.00194068,0.00418,HPV-
rs2675638,0.077886539,0.039819294,-0.00849857,0.00171,0.00140017,0.00304,HPV-
rs10823968,-0.030871664,0.040540596,-0.00813544,0.00398,0.00145258,0.00315,HPV-
rs11255908,-0.013794711,0.043904236,0.0100713,-3.00E-04,0.00158809,0.00358,HPV-
rs17553262,-0.063472423,0.064649035,0.0127323,0.00221,0.00218148,0.00506,HPV-
rs9919670,0.029558802,0.039708224,0.0152438,-0.00269,0.00142114,0.00307,HPV-
rs10750025,-0.072678225,0.042452235,0.0035938,-0.0122,0.00149445,0.00334,HPV-
rs4938230,-0.072893326,0.052936329,0.00517405,-0.0126,0.00193628,0.00421,HPV-
rs682011,-0.005113049,0.0391205,0.00777772,-0.00806,0.00139381,0.00304,HPV-
rs12795042,0.093490343,0.039833977,-0.00310871,0.0136,0.00144674,0.00322,HPV-
rs34866095,0.046883586,0.041674299,0.00857198,-0.00114,0.00150558,0.00327,HPV-
rs75742406,-0.056887862,0.046782781,-0.00961948,0.00113,0.00158486,0.00337,HPV-
rs11030084,-0.086211697,0.051841068,0.0118922,-0.0112,0.00178018,0.00392,HPV-
rs17309874,-0.023575737,0.046527998,0.0112899,0.00236,0.00158234,0.00349,HPV-
rs4391802,-0.053928342,0.043455554,-0.0103191,0.00503,0.00152789,0.00331,HPV-
rs112282219,0.082501222,0.102346138,0.0231662,-0.0192,0.00350418,0.00798,HPV-
rs56030824,-4.00E-04,0.048612396,0.00386761,-0.0131,0.00148255,0.00323,HPV-
rs7950166,0.036331929,0.040382271,-0.00127745,0.00941,0.00144645,0.0031,HPV-
rs74086911,0.128393215,0.071448645,-0.0148021,0.0163,0.00264197,0.00594,HPV-
rs3809162,-0.026138658,0.040569079,0.00353302,0.00944,0.00140945,0.00316,HPV-
rs7297175,-0.021836695,0.039928131,-0.00811649,-0.00442,0.0013992,0.00303,HPV-
rs10879871,-0.012882626,0.040806544,-0.00957988,0.00691,0.00145803,0.0032,HPV-
rs10506274,-0.026036015,0.039538367,0.00254487,-0.00759,0.00138695,0.00304,HPV-
rs12831617,0.013902905,0.045301092,0.00918459,-0.00283,0.00163314,0.0037,HPV-
rs4842786,0.042101176,0.039793172,8.28E-04,0.0149,0.00140858,0.00308,HPV-
rs7333559,0.064850972,0.045445671,0.01074,0.00588,0.00170716,0.00388,HPV-
rs6562474,-0.073000893,0.04098871,-0.00836914,0.00263,0.0014611,0.00308,HPV-
rs3742365,0.075107472,0.039844813,0.0107929,-0.00124,0.0014159,0.00312,HPV-
rs860326,-0.004409708,0.040015504,0.00833808,-0.00435,0.0014023,0.00293,HPV-
rs7155595,-0.018571386,0.042294205,0.00885162,-0.00392,0.00148508,0.003,HPV-
rs28929474,-0.011060947,0.157227397,0.0156939,-0.0362,0.00498278,0.012,HPV-
rs35175834,-0.0927734,0.047649409,0.0164032,-0.00487,0.00169847,0.00362,HPV-
rs28485305,-0.0062193,0.040595952,-0.00800666,0.00237,0.00143887,0.00303,HPV-
rs2472297,0.113328685,0.047043871,0.00130022,0.00943,0.00157191,0.00372,HPV-
rs8042849,0.041141943,0.040573909,0.0192164,-0.00189,0.00146183,0.00327,HPV-
rs12907323,0.044973366,0.03958923,-0.00193777,0.00744,0.00141456,0.00301,HPV-
rs8042134,-0.056676177,0.039060081,0.00994136,-0.00254,0.0014011,0.00309,HPV-
rs6598539,-0.022450129,0.039524875,-0.00815056,0.00311,0.00138941,0.00299,HPV-
rs12708665,-0.063365876,0.042901744,-0.0090871,0.00269,0.00153886,0.00324,HPV-
rs17177078,-0.125449851,0.081566873,0.00863514,-0.0183,0.00300541,0.00611,HPV-
rs57611503,0.094400675,0.039547832,0.00774344,0.0086,0.00141026,0.00331,HPV-
rs889398,0.025667747,0.039163483,-0.0092407,-8.49E-04,0.00141367,0.00306,HPV-
rs11861214,-0.084904507,0.047116819,-0.00945079,-0.0082,0.00168455,0.00387,HPV-
rs60952428,-0.006118681,0.068167124,-0.0134109,0.00139,0.00241933,0.00564,HPV-
rs1050847,-0.01501212,0.040117905,-0.00797046,0.00137,0.00140503,0.00318,HPV-
rs369230,-0.046567636,0.042959074,-0.00908882,0.00611,0.001511,0.00366,HPV-
rs4548913,-0.026549335,0.039881832,0.00266613,0.00394,0.00144836,0.00314,HPV-
rs8614,0.034401427,0.050897214,0.0114612,0.00236,0.00179679,0.00434,HPV-
rs2854334,-0.022654691,0.040738519,0.00212593,-0.0115,0.00143163,0.00303,HPV-
rs732083,-0.031387473,0.041342826,0.00834823,0.00477,0.00147311,0.00324,HPV-
rs9904288,-0.051925073,0.043055616,-0.00842758,-0.0084,0.0015229,0.00337,HPV-
rs67596067,0.021761492,0.04291361,0.00887666,0.00128,0.00145843,0.00323,HPV-
rs3803800,-0.009747351,0.04731724,0.00256698,-0.0107,0.00169623,0.00381,HPV-
rs10438820,0.008959741,0.042869576,3.26E-04,-0.0118,0.00150764,0.00326,HPV-
rs12967855,0.069526063,0.041682292,0.0081887,-0.00501,0.00147934,0.00311,HPV-
rs62098013,-0.018571386,0.042054768,0.00856663,0.00195,0.00145676,0.00324,HPV-
rs9950000,0,2.866175844,-0.00169274,-0.00701,0.00142479,0.00307,HPV-
rs4092465,0.022739487,0.041954773,-0.002111,0.0138,0.00145775,0.00328,HPV-
rs71367545,0.154436353,0.049514701,0.0103197,0.00393,0.0017038,0.00375,HPV-
rs35343344,0.048790164,0.044679638,-0.00918144,0.00212,0.00159594,0.0039,HPV-
rs76608582,-0.129311736,0.106869204,-0.0216317,-3.06E-04,0.00344003,0.00881,HPV-
rs281379,-0.025625548,0.039417855,3.61E-04,0.018,0.00138741,0.0031,HPV-
rs2678670,-0.004409708,0.038989465,0.00873079,-0.00545,0.00138756,0.00307,HPV-
rs62155874,0.057325067,0.059422687,0.0169073,-2.64E-04,0.00208546,0.00469,HPV-
rs3811038,-0.0010005,0.045684947,0.00954466,-0.00859,0.00155745,0.00332,HPV-
rs13024996,-0.030768534,0.041288961,-0.0014974,-0.00898,0.00143332,0.00316,HPV-
rs2890772,-0.057523186,0.039616519,-0.0136979,3.58E-04,0.00140672,0.00314,HPV-
rs72859280,-0.0629398,0.103349425,-0.00370077,0.0347,0.00369997,0.00873,HPV-
rs62175972,-0.046986791,0.109730946,-0.0217461,0.00195,0.00385678,0.00845,HPV-
rs3769949,0.053540767,0.039023883,0.00825646,-0.00346,0.00138563,0.00306,HPV-
rs13009008,0.068592791,0.041952778,0.00863272,0.00507,0.00147329,0.00324,HPV-
rs4473348,0.066723632,0.045205713,-0.0104317,0.00773,0.00159675,0.00366,HPV-
rs12623702,-0.011667805,0.040682723,0.00977238,-0.0088,0.00142787,0.00318,HPV-
rs56337305,-0.028811082,0.0409074,0.00717583,-0.0108,0.00143485,0.00314,HPV-
rs6741228,0.056380333,0.039017532,0.00793282,-0.00154,0.00140363,0.00312,HPV-
rs1260326,-0.089815304,0.040275921,-0.00241282,-0.0135,0.00141394,0.00303,HPV-
rs77165542,-0.06240746,0.119577429,0.0201568,-0.0143,0.00378614,0.01,HPV-
rs62135536,0.12751332,0.128257212,-0.0243444,0.025,0.00396165,0.00914,HPV-
rs7569203,-0.010151351,0.041965073,0.0107595,-0.0117,0.0015002,0.00315,HPV-
rs13383034,-0.011870173,0.042287754,-0.010739,0.0118,0.00150297,0.00315,HPV-
rs13016665,0.039220713,0.03952904,0.00848745,-0.00859,0.0014118,0.00317,HPV-
rs4671357,0.089840704,0.039823007,0.00944175,3.42E-04,0.00138991,0.003,HPV-
rs359243,0.020782539,0.039383247,-0.00871975,0.00372,0.00142539,0.00308,HPV-
rs13032049,-0.036871475,0.044380687,-0.00233748,0.0162,0.00154273,0.00342,HPV-
rs2867112,-0.023985363,0.050902722,-0.0147832,0.00431,0.00188747,0.00408,HPV-
rs828867,0.019802627,0.039027645,0.00551016,-0.00717,0.00141441,0.00311,HPV-
rs11692435,-0.043011891,0.073261609,-0.00938366,0.0062,0.00261816,0.00492,HPV-
rs4814873,-0.026960182,0.045273185,-0.00971214,0.00436,0.00163637,0.00356,HPV-
rs4815364,-0.086102699,0.040291389,0.0047521,-0.00777,0.0014233,0.00328,HPV-
rs6119897,0.061095099,0.045832783,0.0128038,-0.00393,0.00162704,0.00313,HPV-
rs12481282,0.057325067,0.044062311,0.00894356,-0.0045,0.00154935,0.00346,HPV-
rs348809,0.008959741,0.041809339,-0.00828381,0.00359,0.00145602,0.00309,HPV-
rs6011779,0.080657903,0.047783118,0.0191152,0.00346,0.00176364,0.00469,HPV-
rs147412694,-0.119910297,0.057428303,0.0115726,-0.00736,0.00194865,0.00455,HPV-
rs2838834,0.024692613,0.043184002,0.00936489,-5.00E-05,0.00151488,0.00332,HPV-
rs136233,0.03246719,0.050777589,0.00995614,-9.77E-04,0.00176918,0.00377,HPV-
rs202645,-0.009444459,0.049473331,-0.0101598,0.00329,0.00172497,0.00385,HPV-
rs9607814,-0.01065658,0.049153968,0.00907959,-0.00669,0.0017519,0.00424,HPV-
rs326341,-0.033556784,0.039115029,-0.00943522,0.0042,0.00139247,0.003,HPV-
rs73220544,-0.036352829,0.052969298,0.0108189,0.00218,0.0019126,0.00422,HPV-
rs2011092,-0.074615793,0.043305742,0.00211699,-0.00165,0.00145887,0.00316,HPV-
rs9842947,-0.077853439,0.042682807,-0.00877189,-4.74E-04,0.00148073,0.00328,HPV-
rs6787172,0.042101176,0.039018699,-0.00404211,0.012,0.00139583,0.00303,HPV-
rs6779302,0.025667747,0.040294736,0.00875253,-0.00519,0.0014392,0.00322,HPV-
rs6778080,0.049742092,0.043864279,0.0111141,-0.00259,0.00156621,0.00344,HPV-
rs775758,0.037295785,0.038829552,0.00801379,-0.00205,0.00140266,0.003,HPV-
rs421983,0.041141943,0.03975067,-0.00870743,0.00477,0.00138561,0.00305,HPV-
rs62250685,-0.027268427,0.041079282,-0.00784005,0.0124,0.00142475,0.0031,HPV-
rs1229984,-0.43139849,0.111414899,-0.00529438,-0.186,0.00420359,0.0105,HPV-
rs2165670,0.117783036,0.063666506,0.00233744,0.0253,0.00229475,0.00459,HPV-
rs13107325,-0.224018934,0.074872638,0.00381484,-0.0367,0.00263369,0.00694,HPV-
rs72678864,0.015873349,0.05687334,-0.0123829,0.00409,0.0018387,0.00449,HPV-
rs17576594,-0.043534002,0.044940644,-0.0109502,0.00347,0.00155159,0.00335,HPV-
rs61796681,0.039220713,0.073200286,0.0134163,-0.00344,0.00244752,0.00536,HPV-
rs624833,0.062035391,0.041859238,-0.00928567,0.00416,0.00150361,0.00324,HPV-
rs3748034,0.043059489,0.056874243,1.26E-04,-0.0177,0.00198465,0.00464,HPV-
rs317021,0.103458708,0.051166522,0.011567,-0.00426,0.00179087,0.004,HPV-
rs11940694,-0.05551271,0.039851192,-0.00182766,-0.0229,0.0014259,0.00308,HPV-
rs4957528,-0.063685552,0.049292223,-0.0101225,-0.005,0.00172212,0.00383,HPV-
rs11948770,-0.001801622,0.047039738,0.0102364,-0.00576,0.00164524,0.00362,HPV-
rs329120,-0.044265416,0.039277211,-0.00965704,-0.00269,0.00140509,0.00279,HPV-
rs12655091,0.107957142,0.039015953,-0.00238242,-0.0111,0.00138855,0.00303,HPV-
rs55872084,-0.004510155,0.047686144,0.00467309,0.0203,0.00161681,0.00359,HPV-
rs986391,0.048790164,0.040024745,0.0111388,-0.00288,0.0014379,0.00318,HPV-
rs13153393,-0.078610401,0.062438761,0.0137451,-0.00127,0.00217329,0.005,HPV-
rs245774,-0.006923915,0.043491929,-0.00901601,9.64E-05,0.00155972,0.0034,HPV-
rs71627581,-0.1420245,0.066304622,-0.0132566,0.00277,0.00219871,0.00527,HPV-
rs10052591,0.006975614,0.040020733,-0.00839979,0.00565,0.00140216,0.00301,HPV-
rs2080870,0.018821754,0.044506395,0.00863309,-0.00532,0.00158257,0.00344,HPV-
rs4571506,0.036331929,0.039409838,0.00787701,0.00605,0.00139172,0.00298,HPV-
rs4916723,0.00796817,0.037799666,-0.00505771,-0.00969,0.00141811,0.00306,HPV-
rs7766610,0.011928571,0.050014972,0.0125839,-0.0078,0.00179283,0.00379,HPV-
rs6935954,-0.01501212,0.041287459,0.0095817,-0.00418,0.00140192,0.00315,HPV-
rs2254710,-0.018367657,0.047720596,0.00899636,-0.0017,0.00163085,0.00367,HPV-
rs2894808,-0.064538521,0.070595626,0.0152983,0.00521,0.0025912,0.00543,HPV-
rs12202536,-2.00E-04,0.042639097,0.00823391,-0.00467,0.00138601,0.00301,HPV-
rs35034355,-0.006621876,0.039229125,8.80E-04,-0.00879,0.00138663,0.00294,HPV-
rs10282292,-0.029634805,0.040763143,0.00896219,-0.00256,0.0014469,0.00314,HPV-
rs2401924,0.005982072,0.037434741,-0.0105718,-9.68E-04,0.00138906,0.00295,HPV-
rs7807019,-0.009949331,0.038819083,0.0104211,-6.69E-05,0.00139062,0.00298,HPV-
rs6957896,-0.04144719,0.039435956,0.00758434,9.91E-04,0.00138695,0.00306,HPV-
rs4731925,0.021761492,0.041986286,-0.00829239,-0.00416,0.00149022,0.00328,HPV-
rs10226228,0.030529205,0.040836283,0.0114099,0.003,0.00143702,0.00312,HPV-
rs1922018,-0.003205131,0.041847904,0.0100328,-0.00136,0.00143771,0.00314,HPV-
rs6460047,0.075107472,0.047178061,-0.0036531,0.00687,0.00171068,0.00383,HPV-
rs11768481,-0.082512422,0.042119664,-0.00901238,0.00127,0.00147464,0.00337,HPV-
rs10236149,-0.10402807,0.059241498,0.0106998,-0.0144,0.00209008,0.00472,HPV-
rs6962772,-0.095740272,0.055149926,-0.011064,0.00924,0.00191645,0.00413,HPV-
rs13250583,0.023716527,0.04837146,0.00169279,-0.00996,0.0016947,0.00367,HPV-
rs11783093,0.065787741,0.054731897,-0.01571,-0.00568,0.00189655,0.00425,HPV-
rs1217091,-0.036249133,0.049642745,0.00211868,-0.0115,0.00177045,0.00395,HPV-
rs2062882,0.053540767,0.040015521,0.0081103,-0.00226,0.00141998,0.0031,HPV-
rs72674867,-0.004811557,0.045780752,-0.00898766,-3.17E-04,0.00163396,0.0034,HPV-
rs35169606,-0.041134543,0.040566611,-0.00877627,-0.00729,0.00144385,0.00338,HPV-
rs55932213,0.015873349,0.044166247,0.00182963,-0.00908,0.00161742,0.00355,HPV-
rs10978550,-0.074939087,0.049892867,0.00269419,-0.00657,0.00172765,0.00379,HPV-
rs1221148,0.056380333,0.04032928,-0.00916504,-9.55E-04,0.00140711,0.00307,HPV-
rs13296519,0.058268908,0.040213187,0.00970128,-0.00298,0.00141888,0.00317,HPV-
rs113382419,-0.007125325,0.065610727,0.0282339,0.00194,0.00221376,0.00504,HPV-
rs4543592,-0.017247893,0.039031214,-0.00866243,-7.50E-04,0.0013891,0.00308,HPV-
rs7039819,0.019802627,0.039447465,0.00873433,0.00966,0.00140501,0.00306,HPV-
rs1246265,-0.025728149,0.043269675,-0.00886526,0.00288,0.00150907,0.00329,HPV-
rs2622225,0.034401427,0.039123651,-0.00663913,0.00975,0.00140148,0.00337,HPV-
rs9435340,0.00796817,0.0521136,0.00834773,0.00221,0.00146424,0.00338,HPV+
rs10918701,0.04592893,0.05497179,0.00802389,-0.00549,0.00143191,0.0031,HPV+
rs10753661,-0.0150121,0.05480876,-0.0050463,0.00683,0.00149286,0.00325,HPV+
rs28680958,0.05921186,0.06293109,0.00640463,-0.0136,0.0016767,0.00374,HPV+
rs823114,-0.075586,0.05241747,0.00367894,-0.0101,0.00139011,0.00302,HPV+
rs4949465,0.04783733,0.07264591,0.0116055,0.00255,0.00205788,0.00462,HPV+
rs58107686,0.09440068,0.05450385,0.00506485,-0.0127,0.00147313,0.00356,HPV+
rs549845,0.11867153,0.05621579,0.0112613,-4.32E-04,0.00150857,0.00336,HPV+
rs705687,-0.1523357,0.06629054,3.52E-04,0.0045,0.00166415,0.00368,HPV+
rs1933270,-0.0640053,0.05428781,0.00921831,5.27E-04,0.00143808,0.00321,HPV+
rs7528604,0.07325046,0.05220988,-0.0096527,0.0033,0.00140141,0.00302,HPV+
rs12088813,0.13540464,0.05836407,0.00989608,-0.00414,0.00155615,0.00345,HPV+
rs11210229,0.00995033,0.05253607,0.011702,-0.00484,0.00142273,0.00313,HPV+
rs7553348,-0.0116678,0.05298731,0.00963399,-0.00718,0.00139643,0.00303,HPV+
rs1193237,0.04114194,0.05247697,-0.0077614,0.00195,0.00139716,0.00299,HPV+
rs10922907,0.03246719,0.05227369,0.0101748,-0.00588,0.00139495,0.00304,HPV+
rs1931263,-0.0374942,0.05234428,0.00760874,0.0016,0.0013858,0.00293,HPV+
rs7519626,-0.0277824,0.05450732,0.00842015,0.00259,0.00147893,0.00317,HPV+
rs7077678,-0.0256255,0.05417663,-0.0085503,0.00118,0.00143575,0.00317,HPV+
rs12244388,-0.0398849,0.05365927,0.0132503,-0.00737,0.00146413,0.0031,HPV+
rs3896224,-0.0630463,0.05315877,-0.009627,9.98E-04,0.00141792,0.00342,HPV+
rs7074871,0.09257918,0.05863153,0.0035586,-0.0104,0.00158296,0.00347,HPV+
rs17665139,-0.034695,0.07411871,0.00240118,-0.0124,0.00194068,0.00418,HPV+
rs2675638,0.07325046,0.05273611,-0.0084986,0.00171,0.00140017,0.00304,HPV+
rs10823968,-0.057841,0.05355648,-0.0081354,0.00398,0.00145258,0.00315,HPV+
rs11255908,0.03922071,0.05711477,0.0100713,-3.00E-04,0.00158809,0.00358,HPV+
rs17553262,0.01685712,0.0860057,0.0127323,0.00221,0.00218148,0.00506,HPV+
rs9919670,0.00498754,0.05705916,0.0152438,-0.00269,0.00142114,0.00307,HPV+
rs10750025,0.02273949,0.05505929,0.0035938,-0.0122,0.00149445,0.00334,HPV+
rs4938230,0.04114194,0.07042442,0.00517405,-0.0126,0.00193628,0.00421,HPV+
rs682011,0.001998,0.05899034,0.00777772,-0.00806,0.00139381,0.00304,HPV+
rs12795042,-0.0226547,0.05306791,-0.0031087,0.0136,0.00144674,0.00322,HPV+
rs34866095,-0.039989,0.05585057,0.00857198,-0.00114,0.00150558,0.00327,HPV+
rs75742406,-0.0866478,0.0620242,-0.0096195,0.00113,0.00158486,0.00337,HPV+
rs11030084,0.02371653,0.0674148,0.0118922,-0.0112,0.00178018,0.00392,HPV+
rs17309874,0.04783733,0.06006696,0.0112899,0.00236,0.00158234,0.00349,HPV+
rs4391802,-0.047511,0.05732503,-0.0103191,0.00503,0.00152789,0.00331,HPV+
rs112282219,0.01192857,0.1348623,0.0231662,-0.0192,0.00350418,0.00798,HPV+
rs56030824,0.01390291,0.05807396,0.00386761,-0.0131,0.00148255,0.00323,HPV+
rs7950166,-0.0487702,0.05439456,-0.0012775,0.00941,0.00144645,0.0031,HPV+
rs74086911,0.08709471,0.09889259,-0.0148021,0.0163,0.00264197,0.00594,HPV+
rs3809162,-0.0344879,0.05377815,0.00353302,0.00944,0.00140945,0.00316,HPV+
rs7297175,-0.0142003,0.05276979,-0.0081165,-0.00442,0.0013992,0.00303,HPV+
rs10879871,-0.0267547,0.0546238,-0.0095799,0.00691,0.00145803,0.0032,HPV+
rs10506274,-0.0602809,0.05178774,0.00254487,-0.00759,0.00138695,0.00304,HPV+
rs12831617,1.00E-03,0.05420284,0.00918459,-0.00283,0.00163314,0.0037,HPV+
rs4842786,0.02469261,0.05327425,8.28E-04,0.0149,0.00140858,0.00308,HPV+
rs7333559,0.14842001,0.06288983,0.01074,0.00588,0.00170716,0.00388,HPV+
rs6562474,-0.0692429,0.05530583,-0.0083691,0.00263,0.0014611,0.00308,HPV+
rs3742365,0.03633193,0.05335085,0.0107929,-0.00124,0.0014159,0.00312,HPV+
rs860326,-0.0088389,0.05258149,0.00833808,-0.00435,0.0014023,0.00293,HPV+
rs7155595,0.02566775,0.05635071,0.00885162,-0.00392,0.00148508,0.003,HPV+
rs28929474,-0.5798185,0.23929777,0.0156939,-0.0362,0.00498278,0.012,HPV+
rs35175834,0.001998,0.06474409,0.0164032,-0.00487,0.00169847,0.00362,HPV+
rs28485305,-0.0330399,0.05353184,-0.0080067,0.00237,0.00143887,0.00303,HPV+
rs2472297,-0.0473013,0.06178327,0.00130022,0.00943,0.00157191,0.00372,HPV+
rs8042849,-0.1086994,0.05462282,0.0192164,-0.00189,0.00146183,0.00327,HPV+
rs12907323,0.10705907,0.05230047,-0.0019378,0.00744,0.00141456,0.00301,HPV+
rs8042134,0.06578774,0.05163873,0.00994136,-0.00254,0.0014011,0.00309,HPV+
rs6598539,1.00E-03,0.05797566,-0.0081506,0.00311,0.00138941,0.00299,HPV+
rs12708665,-0.0778534,0.05749885,-0.0090871,0.00269,0.00153886,0.00324,HPV+
rs17177078,-0.1411028,0.10771209,0.00863514,-0.0183,0.00300541,0.00611,HPV+
rs57611503,0.03246719,0.05210591,0.00774344,0.0086,0.00141026,0.00331,HPV+
rs889398,-0.0323166,0.05299541,-0.0092407,-8.49E-04,0.00141367,0.00306,HPV+
rs11861214,-0.0286053,0.06171576,-0.0094508,-0.0082,0.00168455,0.00387,HPV+
rs60952428,0.01192857,0.08764563,-0.0134109,0.00139,0.00241933,0.00564,HPV+
rs1050847,-0.0342809,0.05312403,-0.0079705,0.00137,0.00140503,0.00318,HPV+
rs369230,0.00895974,0.05836965,-0.0090888,0.00611,0.001511,0.00366,HPV+
rs4548913,-0.0982746,0.05381959,0.00266613,0.00394,0.00144836,0.00314,HPV+
rs8614,0.07139,0.06728558,0.0114612,0.00236,0.00179679,0.00434,HPV+
rs2854334,-0.0712812,0.0536756,0.00212593,-0.0115,0.00143163,0.00303,HPV+
rs732083,0.01882175,0.05413217,0.00834823,0.00477,0.00147311,0.00324,HPV+
rs9904288,-0.0287082,0.05642328,-0.0084276,-0.0084,0.0015229,0.00337,HPV+
rs67596067,-0.062301,0.05513365,0.00887666,0.00128,0.00145843,0.00323,HPV+
rs3803800,-0.0745081,0.06412053,0.00256698,-0.0107,0.00169623,0.00381,HPV+
rs10438820,0.03440143,0.05570179,3.26E-04,-0.0118,0.00150764,0.00326,HPV+
rs12967855,0.05259245,0.05531389,0.0081887,-0.00501,0.00147934,0.00311,HPV+
rs62098013,-0.0601747,0.05505464,0.00856663,0.00195,0.00145676,0.00324,HPV+
rs9950000,0.0295588,0.05347106,-0.0016927,-0.00701,0.00142479,0.00307,HPV+
rs4092465,0.01980263,0.0530617,-0.002111,0.0138,0.00145775,0.00328,HPV+
rs71367545,0.01980263,0.06539837,0.0103197,0.00393,0.0017038,0.00375,HPV+
rs35343344,0.01488861,0.06084435,-0.0091814,0.00212,0.00159594,0.0039,HPV+
rs76608582,-0.134103,0.14017245,-0.0216317,-3.06E-04,0.00344003,0.00881,HPV+
rs281379,0.09893995,0.0523215,3.61E-04,0.018,0.00138741,0.0031,HPV+
rs2678670,-0.0238829,0.05139432,0.00873079,-0.00545,0.00138756,0.00307,HPV+
rs62155874,-0.0352128,0.0804863,0.0169073,-2.64E-04,0.00208546,0.00469,HPV+
rs3811038,-0.0079314,0.05802027,0.00954466,-0.00859,0.00155745,0.00332,HPV+
rs13024996,-0.0380134,0.05492478,-0.0014974,-0.00898,0.00143332,0.00316,HPV+
rs2890772,-0.061131,0.05292727,-0.0136979,3.58E-04,0.00140672,0.00314,HPV+
rs72859280,-0.06145,0.13670737,-0.0037008,0.0347,0.00369997,0.00873,HPV+
rs62175972,-0.0460439,0.1441576,-0.0217461,0.00195,0.00385678,0.00845,HPV+
rs3769949,-0.0045102,0.05237667,0.00825646,-0.00346,0.00138563,0.00306,HPV+
rs13009008,0.11243543,0.05568867,0.00863272,0.00507,0.00147329,0.00324,HPV+
rs4473348,0.03343478,0.06237831,-0.0104317,0.00773,0.00159675,0.00366,HPV+
rs12623702,-0.0377019,0.05429416,0.00977238,-0.0088,0.00142787,0.00318,HPV+
rs56337305,-0.0965109,0.05455676,0.00717583,-0.0108,0.00143485,0.00314,HPV+
rs6741228,-0.0185714,0.05210826,0.00793282,-0.00154,0.00140363,0.00312,HPV+
rs1260326,0.00598207,0.04895312,-0.0024128,-0.0135,0.00141394,0.00303,HPV+
rs77165542,0.01587335,0.15045829,0.0201568,-0.0143,0.00378614,0.01,HPV+
rs62135536,0.03246719,0.16430764,-0.0243444,0.025,0.00396165,0.00914,HPV+
rs7569203,0.03825871,0.05575446,0.0107595,-0.0117,0.0015002,0.00315,HPV+
rs13383034,0.02078254,0.05499481,-0.010739,0.0118,0.00150297,0.00315,HPV+
rs13016665,0.03440143,0.05330249,0.00848745,-0.00859,0.0014118,0.00317,HPV+
rs4671357,0.10705907,0.05247994,0.00944175,3.42E-04,0.00138991,0.003,HPV+
rs359243,0.01587335,0.05108899,-0.0087198,0.00372,0.00142539,0.00308,HPV+
rs13032049,0.03825871,0.05755786,-0.0023375,0.0162,0.00154273,0.00342,HPV+
rs2867112,-0.0429075,0.06932865,-0.0147832,0.00431,0.00188747,0.00408,HPV+
rs828867,-0.0067225,0.05163246,0.00551016,-0.00717,0.00141441,0.00311,HPV+
rs11692435,-0.0544562,0.09421485,-0.0093837,0.0062,0.00261816,0.00492,HPV+
rs4814873,-0.1156353,0.06196964,-0.0097121,0.00436,0.00163637,0.00356,HPV+
rs4815364,-0.0867569,0.05365298,0.0047521,-0.00777,0.0014233,0.00328,HPV+
rs6119897,0.02078254,0.05914211,0.0128038,-0.00393,0.00162704,0.00313,HPV+
rs12481282,0.01685712,0.05885865,0.00894356,-0.0045,0.00154935,0.00346,HPV+
rs348809,0.01192857,0.05509733,-0.0082838,0.00359,0.00145602,0.00309,HPV+
rs6011779,0.00895974,0.06358936,0.0191152,0.00346,0.00176364,0.00469,HPV+
rs147412694,0.12398598,0.07101144,0.0115726,-0.00736,0.00194865,0.00455,HPV+
rs2838834,-0.0033055,0.05630143,0.00936489,-5.00E-05,0.00151488,0.00332,HPV+
rs136233,0.12044615,0.06486061,0.00995614,-9.77E-04,0.00176918,0.00377,HPV+
rs202645,-0.0720332,0.06554432,-0.0101598,0.00329,0.00172497,0.00385,HPV+
rs9607814,-0.0583709,0.06590371,0.00907959,-0.00669,0.0017519,0.00424,HPV+
rs326341,-0.0084355,0.05229683,-0.0094352,0.0042,0.00139247,0.003,HPV+
rs73220544,0.03149867,0.06974904,0.0108189,0.00218,0.0019126,0.00422,HPV+
rs2011092,0.08525984,0.05579833,0.00211699,-0.00165,0.00145887,0.00316,HPV+
rs9842947,-0.0104545,0.05599603,-0.0087719,-4.74E-04,0.00148073,0.00328,HPV+
rs6787172,-0.0742926,0.05217177,-0.0040421,0.012,0.00139583,0.00303,HPV+
rs6779302,-9.00E-04,0.05222768,0.00875253,-0.00519,0.0014392,0.00322,HPV+
rs6778080,0.02469261,0.05769302,0.0111141,-0.00259,0.00156621,0.00344,HPV+
rs775758,0.05826891,0.05193307,0.00801379,-0.00205,0.00140266,0.003,HPV+
rs421983,0.03052921,0.05130959,-0.0087074,0.00477,0.00138561,0.00305,HPV+
rs62250685,-0.0264467,0.05354657,-0.0078401,0.0124,0.00142475,0.0031,HPV+
rs1229984,-0.2305459,0.14769115,-0.0052944,-0.186,0.00420359,0.0105,HPV+
rs2165670,0.03633193,0.08566831,0.00233744,0.0253,0.00229475,0.00459,HPV+
rs13107325,-0.2328152,0.09894397,0.00381484,-0.0367,0.00263369,0.00694,HPV+
rs72678864,-0.0803428,0.07290631,-0.0123829,0.00409,0.0018387,0.00449,HPV+
rs17576594,-0.0721407,0.05860331,-0.0109502,0.00347,0.00155159,0.00335,HPV+
rs61796681,-0.041343,0.0971176,0.0134163,-0.00344,0.00244752,0.00536,HPV+
rs624833,0.03536714,0.05614724,-0.0092857,0.00416,0.00150361,0.00324,HPV+
rs3748034,0.09349034,0.07338331,1.26E-04,-0.0177,0.00198465,0.00464,HPV+
rs317021,0.15014266,0.06858961,0.011567,-0.00426,0.00179087,0.004,HPV+
rs11940694,-0.0257281,0.05336683,-0.0018277,-0.0229,0.0014259,0.00308,HPV+
rs4957528,-0.0050125,0.06438718,-0.0101225,-0.005,0.00172212,0.00383,HPV+
rs11948770,-0.0104545,0.06043039,0.0102364,-0.00576,0.00164524,0.00362,HPV+
rs329120,-0.0149106,0.05229959,-0.009657,-0.00269,0.00140509,0.00279,HPV+
rs12655091,0.10975086,0.0515989,-0.0023824,-0.0111,0.00138855,0.00303,HPV+
rs55872084,0.0898407,0.06204469,0.00467309,0.0203,0.00161681,0.00359,HPV+
rs986391,0.0898407,0.0534448,0.0111388,-0.00288,0.0014379,0.00318,HPV+
rs13153393,0.04688359,0.07903504,0.0137451,-0.00127,0.00217329,0.005,HPV+
rs245774,0.00697561,0.05798515,-0.009016,9.64E-05,0.00155972,0.0034,HPV+
rs71627581,-0.0230639,0.08520111,-0.0132566,0.00277,0.00219871,0.00527,HPV+
rs10052591,-0.1101497,0.05285496,-0.0083998,0.00565,0.00140216,0.00301,HPV+
rs2080870,0.12839321,0.0587612,0.00863309,-0.00532,0.00158257,0.00344,HPV+
rs4571506,-0.0522411,0.05177514,0.00787701,0.00605,0.00139172,0.00298,HPV+
rs4916723,-0.0412387,0.05276871,-0.0050577,-0.00969,0.00141811,0.00306,HPV+
rs7766610,0.04592893,0.06522143,0.0125839,-0.0078,0.00179283,0.00379,HPV+
rs6935954,-0.0129839,0.05387522,0.0095817,-0.00418,0.00140192,0.00315,HPV+
rs2254710,0.05732507,0.06158688,0.00899636,-0.0017,0.00163085,0.00367,HPV+
rs2894808,-0.0374942,0.09253259,0.0152983,0.00521,0.0025912,0.00543,HPV+
rs12202536,0.02664193,0.05240348,0.00823391,-0.00467,0.00138601,0.00301,HPV+
rs35034355,-0.0092426,0.05204156,8.80E-04,-0.00879,0.00138663,0.00294,HPV+
rs10282292,-0.0775292,0.05448293,0.00896219,-0.00256,0.0014469,0.00314,HPV+
rs2401924,0.01685712,0.05186805,-0.0105718,-9.68E-04,0.00138906,0.00295,HPV+
rs7807019,-0.036664,0.05114953,0.0104211,-6.69E-05,0.00139062,0.00298,HPV+
rs6957896,-0.0053141,0.05209897,0.00758434,9.91E-04,0.00138695,0.00306,HPV+
rs4731925,0.02761517,0.05771195,-0.0082924,-0.00416,0.00149022,0.00328,HPV+
rs10226228,-0.0305623,0.0546634,0.0114099,0.003,0.00143702,0.00312,HPV+
rs1922018,0.0610951,0.05411435,0.0100328,-0.00136,0.00143771,0.00314,HPV+
rs6460047,0.01980263,0.06338869,-0.0036531,0.00687,0.00171068,0.00383,HPV+
rs11768481,-0.0492953,0.05498025,-0.0090124,0.00127,0.00147464,0.00337,HPV+
rs10236149,-0.0759096,0.07891631,0.0106998,-0.0144,0.00209008,0.00472,HPV+
rs6962772,-0.0347985,0.07236121,-0.011064,0.00924,0.00191645,0.00413,HPV+
rs13250583,-0.0213258,0.06448681,0.00169279,-0.00996,0.0016947,0.00367,HPV+
rs11783093,0.04592893,0.07131822,-0.01571,-0.00568,0.00189655,0.00425,HPV+
rs1217091,-0.0928831,0.0677979,0.00211868,-0.0115,0.00177045,0.00395,HPV+
rs2062882,-0.0485602,0.05343919,0.0081103,-0.00226,0.00141998,0.0031,HPV+
rs72674867,0.02371653,0.05895234,-0.0089877,-3.17E-04,0.00163396,0.0034,HPV+
rs35169606,0.01783992,0.05347697,-0.0087763,-0.00729,0.00144385,0.00338,HPV+
rs55932213,-0.0217345,0.05830068,0.00182963,-0.00908,0.00161742,0.00355,HPV+
rs10978550,-0.0461487,0.06480643,0.00269419,-0.00657,0.00172765,0.00379,HPV+
rs1221148,0.0741794,0.05355913,-0.009165,-9.55E-04,0.00140711,0.00307,HPV+
rs13296519,0,2.92548851,0.00970128,-0.00298,0.00141888,0.00317,HPV+
rs113382419,-0.034074,0.08565606,0.0282339,0.00194,0.00221376,0.00504,HPV+
rs4543592,-0.0807763,0.05177969,-0.0086624,-7.50E-04,0.0013891,0.00308,HPV+
rs7039819,0.01192857,0.05080311,0.00873433,0.00966,0.00140501,0.00306,HPV+
rs1246265,-0.002002,0.05550326,-0.0088653,0.00288,0.00150907,0.00329,HPV+
rs2622225,-0.0463581,0.05187794,-0.0066391,0.00975,0.00140148,0.00337,HPV+